[
  {
    "id": "cat_001",
    "name": "Trash Bags",
    "slug": "trash-bags",
    "description": "Durable trash bags for all your waste disposal needs",
    "visible": true,
    "order": 1
  },
  {
    "id": "cat_002",
    "name": "Detergents",
    "slug": "detergents",
    "description": "High-quality cleaning detergents",
    "visible": true,
    "order": 2
  },
  {
    "id": "cat_003",
    "name": "Spices",
    "slug": "spices",
    "description": "Coming Soon",
    "visible": true,
    "status": "coming_soon",
    "order": 10
  }
]
