[
  {
    "id": "order_0001",
    "user_id": "user_1",
    "items": [{ "product_id": "prod_001", "quantity": 2, "unit_price": 3.5, "title": "Heavy Duty Trash Bags 50L" }],
    "subtotal": 7.0,
    "shipping": 2.0,
    "discount": 0.5,
    "total": 8.5,
    "status": "paid",
    "created_at": "2025-08-11T09:30:00+03:00",
    "payment": { "method": "paypal", "provider_id": "PAYPAL_TXN_123456" },
    "shipping_address": {
      "name": "Jane Doe",
      "street": "123 Main St",
      "city": "Anytown",
      "state": "CA",
      "zip": "12345",
      "country": "USA"
    }
  }
]
