[
  {
    "id": "prod_001",
    "title": "Heavy Duty Trash Bags 50L",
    "slug": "heavy-duty-trash-bags-50l",
    "category_id": "cat_001",
    "price": 3.5,
    "currency": "USD",
    "stock": 120,
    "status": "active",
    "images": [],
    "short_description": "Strong, tear resistant trash bags perfect for heavy waste",
    "long_description": "Our Heavy Duty Trash Bags are designed to handle the toughest waste disposal challenges. Made from premium materials, these 50L bags feature reinforced seams and tear-resistant construction. Perfect for households, offices, and commercial use. Each roll contains 20 bags.",
    "attributes": {
      "size": "50L",
      "color": "Black",
      "pack": "20 per roll",
      "material": "HDPE"
    },
    "created_at": "2025-08-11T09:00:00+03:00"
  },
  {
    "id": "prod_002",
    "title": "Premium Kitchen Trash Bags 30L",
    "slug": "premium-kitchen-trash-bags-30l",
    "category_id": "cat_001",
    "price": 2.75,
    "currency": "USD",
    "stock": 85,
    "status": "active",
    "images": [],
    "short_description": "Perfect size for kitchen waste with odor control",
    "long_description": "Specially designed for kitchen use, these 30L trash bags feature advanced odor control technology and a perfect fit for standard kitchen bins. The drawstring closure makes disposal easy and mess-free.",
    "attributes": {
      "size": "30L",
      "color": "White",
      "pack": "25 per roll",
      "feature": "Odor Control"
    },
    "created_at": "2025-08-11T09:15:00+03:00"
  },
  {
    "id": "prod_003",
    "title": "Mixed Spices Collection",
    "slug": "mixed-spices-collection",
    "category_id": "cat_003",
    "price": 12.99,
    "currency": "USD",
    "stock": 0,
    "status": "coming_soon",
    "images": [],
    "short_description": "Premium spice collection - Coming Soon",
    "long_description": "A carefully curated collection of premium spices from around the world. Perfect for enhancing your culinary creations. Available soon!",
    "attributes": {
      "type": "Mixed Collection",
      "origin": "International",
      "pack": "12 spice jars"
    },
    "created_at": "2025-08-11T09:30:00+03:00"
  }
]
