[
  {
    "id": "user_1",
    "email": "customer@example.com",
    "password_hash": "$2y$10$92IXUNpkjO0rOQ5byMi.Ye4oKoEa3Ro9llC/.og/at2.uheWG/igi",
    "name": "Jane Doe",
    "created_at": "2025-08-11T09:00:00+03:00",
    "referral_code": "ref_abc123",
    "referred_by": null,
    "saved_addresses": [
      {
        "id": "addr_1",
        "name": "Home",
        "street": "123 Main St",
        "city": "Anytown",
        "state": "CA",
        "zip": "12345",
        "country": "USA"
      }
    ]
  }
]
